verify_0,X8F3
verify_1,C9MW
verify_2,BKVw
verify_3,3wGC
verify_4,EC6F
verify_5,eXeK
verify_6,FBeJ
verify_7,ef9K
verify_8,4GwT
verify_9,EBCG
verify_10,CJTG
verify_11,CwCV
verify_12,EC48
verify_13,W8GG
verify_14,YfVJ
verify_15,YQ7B
verify_16,C8WP
verify_17,CPKY
verify_18,EBGw
verify_19,CK94
verify_20,4JP3
verify_21,EHE2
verify_22,C8Xw
verify_23,C94B
verify_24,CJJ4
verify_25,XeTM
verify_26,96EQ
verify_27,CBfY
verify_28,CMQe
verify_29,eMXG
verify_30,Ew6C
verify_31,CMFY
verify_32,eGT6
verify_33,C3T9
verify_34,CHPY
verify_35,CJ73
verify_36,CKQ3
verify_37,CGBW
verify_38,Cfe3
verify_39,E9J8
verify_40,826G
verify_41,eCKH
verify_42,EwPJ
verify_43,YH26
verify_44,EXVJ
verify_45,eW4K
verify_46,eRKH
verify_47,Y48R
verify_48,CPT7
verify_49,4P9W
verify_50,EVfT
verify_51,w9G6
verify_52,C92V
verify_53,G38G
verify_54,494K
verify_55,HP7J
verify_56,CQ7f
verify_57,CPYW
verify_58,eCCX
verify_59,C7JH
verify_60,EYPe
verify_61,eXeG
verify_62,7FR9
verify_63,C6K6
verify_64,C3f8
verify_65,EMMJ
verify_66,EBCG
verify_67,EGFR
verify_68,CJe8
verify_69,C76C
verify_70,EH9K
verify_71,wVKK
verify_72,CWVK
verify_73,eEBE
verify_74,2QW8
verify_75,CJY6
verify_76,3CYY
verify_77,PTH6
verify_78,CJ2V
verify_79,CXe9
verify_80,67GY
verify_81,CKMG
verify_82,EC4Q
verify_83,47PV
verify_84,246B
verify_85,eQG6
verify_86,CMR2
verify_87,EX6C
verify_88,QQR8
verify_89,e32B
verify_90,CMKf
verify_91,YPf8
verify_92,EW6K
verify_93,EC4H
verify_94,62B6
verify_95,8WX4
verify_96,3H97
verify_97,Y4GH
verify_98,C733
verify_99,eX6X
verify_100,2EMT
verify_101,EQMG
verify_102,K8BH
verify_103,6TEE
verify_104,
verify_105,
verify_106,
verify_107,
verify_108,
verify_109,
verify_110,
verify_111,
verify_112,
verify_113,
verify_114,
verify_115,
verify_116,
verify_117,
verify_118,
verify_119,
verify_120,
verify_121,
verify_122,
verify_123,
verify_124,
verify_125,
verify_126,
verify_127,
verify_128,
verify_129,
verify_130,
verify_131,
verify_132,
verify_133,
verify_134,
verify_135,
verify_136,
verify_137,
verify_138,
verify_139,
verify_140,
verify_141,
verify_142,
verify_143,
verify_144,
verify_145,
verify_146,
verify_147,
verify_148,
verify_149,
verify_150,
verify_151,
verify_152,
verify_153,
verify_154,
verify_155,
verify_156,
verify_157,
verify_158,
verify_159,
verify_160,
verify_161,
verify_162,
verify_163,
verify_164,
verify_165,
verify_166,
verify_167,
verify_168,
verify_169,
verify_170,
verify_171,
verify_172,
verify_173,
verify_174,
verify_175,
verify_176,
verify_177,
verify_178,
verify_179,
verify_180,
verify_181,
verify_182,
verify_183,
verify_184,
verify_185,
verify_186,
verify_187,
verify_188,
verify_189,
verify_190,
verify_191,
verify_192,
verify_193,
verify_194,
verify_195,
verify_196,
verify_197,
verify_198,
verify_199,
verify_200,
verify_201,
verify_202,
verify_203,
verify_204,
verify_205,
verify_206,
verify_207,
verify_208,
verify_209,
verify_210,
verify_211,
verify_212,
verify_213,
verify_214,
verify_215,
verify_216,
verify_217,
verify_218,
verify_219,
verify_220,
verify_221,
verify_222,
verify_223,
verify_224,
verify_225,
verify_226,
verify_227,
verify_228,
verify_229,
verify_230,
verify_231,
verify_232,
verify_233,
verify_234,
verify_235,
verify_236,
verify_237,
verify_238,
verify_239,
verify_240,
verify_241,
verify_242,
verify_243,
verify_244,
verify_245,
verify_246,
verify_247,
verify_248,
verify_249,
verify_250,
verify_251,
verify_252,
verify_253,
verify_254,
verify_255,
verify_256,
verify_257,
verify_258,
verify_259,
verify_260,
verify_261,
verify_262,
verify_263,
verify_264,
verify_265,
verify_266,
verify_267,
verify_268,
verify_269,
verify_270,
verify_271,
verify_272,
verify_273,
verify_274,
verify_275,
verify_276,
verify_277,
verify_278,
verify_279,
verify_280,
verify_281,
verify_282,
verify_283,
verify_284,
verify_285,
verify_286,
verify_287,
verify_288,
verify_289,
verify_290,
verify_291,
verify_292,
verify_293,
verify_294,
verify_295,
verify_296,
verify_297,
verify_298,
verify_299,
verify_300,
verify_301,
verify_302,
verify_303,
verify_304,
verify_305,
verify_306,
verify_307,
verify_308,
verify_309,
verify_310,
verify_311,
verify_312,
verify_313,
verify_314,
verify_315,
verify_316,
verify_317,
verify_318,
verify_319,
verify_320,
verify_321,
verify_322,
verify_323,
verify_324,
verify_325,
verify_326,
verify_327,
verify_328,
verify_329,
verify_330,
verify_331,
verify_332,
verify_333,
verify_334,
verify_335,
verify_336,
verify_337,
verify_338,
verify_339,
verify_340,
verify_341,
verify_342,
verify_343,
verify_344,
verify_345,
verify_346,
verify_347,
verify_348,
verify_349,
verify_350,
verify_351,
verify_352,
verify_353,
verify_354,
verify_355,
verify_356,
verify_357,
verify_358,
verify_359,
verify_360,
verify_361,
verify_362,
verify_363,
verify_364,
verify_365,
verify_366,
verify_367,
verify_368,
verify_369,
verify_370,
verify_371,
verify_372,
verify_373,
verify_374,
verify_375,
verify_376,
verify_377,
verify_378,
verify_379,
verify_380,
verify_381,
verify_382,
verify_383,
verify_384,
verify_385,
verify_386,
verify_387,
verify_388,
verify_389,
verify_390,
verify_391,
verify_392,
verify_393,
verify_394,
verify_395,
verify_396,
verify_397,
verify_398,
verify_399,
verify_400,
verify_401,
verify_402,
verify_403,
verify_404,
verify_405,
verify_406,
verify_407,
verify_408,
verify_409,
verify_410,
verify_411,
verify_412,
verify_413,
verify_414,
verify_415,
verify_416,
verify_417,
verify_418,
verify_419,
verify_420,
verify_421,
verify_422,
verify_423,
verify_424,
verify_425,
verify_426,
verify_427,
verify_428,
verify_429,
verify_430,
verify_431,
verify_432,
verify_433,
verify_434,
verify_435,
verify_436,
verify_437,
verify_438,
verify_439,
verify_440,
verify_441,
verify_442,
verify_443,
verify_444,
verify_445,
verify_446,
verify_447,
verify_448,
verify_449,
verify_450,
verify_451,
verify_452,
verify_453,
verify_454,
verify_455,
verify_456,
verify_457,
verify_458,
verify_459,
verify_460,
verify_461,
verify_462,
verify_463,
verify_464,
verify_465,
verify_466,
verify_467,
verify_468,
verify_469,
verify_470,
verify_471,
verify_472,
verify_473,
verify_474,
verify_475,
verify_476,
verify_477,
verify_478,
verify_479,
verify_480,
verify_481,
verify_482,
verify_483,
verify_484,
verify_485,
verify_486,
verify_487,
verify_488,
verify_489,
verify_490,
verify_491,
verify_492,
verify_493,
verify_494,
verify_495,
verify_496,
verify_497,
verify_498,
verify_499,
verify_500,
verify_501,
verify_502,
verify_503,
verify_504,
verify_505,
verify_506,
verify_507,
verify_508,
verify_509,
verify_510,
verify_511,
verify_512,
verify_513,
verify_514,
verify_515,
verify_516,
verify_517,
verify_518,
verify_519,
verify_520,
verify_521,
verify_522,
verify_523,
verify_524,
verify_525,
verify_526,
verify_527,
verify_528,
verify_529,
verify_530,
verify_531,
verify_532,
verify_533,
verify_534,
verify_535,
verify_536,
verify_537,
verify_538,
verify_539,
verify_540,
verify_541,
verify_542,
verify_543,
verify_544,
verify_545,
verify_546,
verify_547,
verify_548,
verify_549,
verify_550,
verify_551,
verify_552,
verify_553,
verify_554,
verify_555,
verify_556,
verify_557,
verify_558,
verify_559,
verify_560,
verify_561,
verify_562,
verify_563,
verify_564,
verify_565,
verify_566,
verify_567,
verify_568,
verify_569,
verify_570,
verify_571,
verify_572,
verify_573,
verify_574,
verify_575,
verify_576,
verify_577,
verify_578,
verify_579,
verify_580,
verify_581,
verify_582,
verify_583,
verify_584,
verify_585,
verify_586,
verify_587,
verify_588,
verify_589,
verify_590,
verify_591,
verify_592,
verify_593,
verify_594,
verify_595,
verify_596,
verify_597,
verify_598,
verify_599,
verify_600,
verify_601,
verify_602,
verify_603,
verify_604,
verify_605,
verify_606,
verify_607,
verify_608,
verify_609,
verify_610,
verify_611,
verify_612,
verify_613,
verify_614,
verify_615,
verify_616,
verify_617,
verify_618,
verify_619,
verify_620,
verify_621,
verify_622,
verify_623,
verify_624,
verify_625,
verify_626,
verify_627,
verify_628,
verify_629,
verify_630,
verify_631,
verify_632,
verify_633,
verify_634,
verify_635,
verify_636,
verify_637,
verify_638,
verify_639,
verify_640,
verify_641,
verify_642,
verify_643,
verify_644,
verify_645,
verify_646,
verify_647,
verify_648,
verify_649,
verify_650,
verify_651,
verify_652,
verify_653,
verify_654,
verify_655,
verify_656,
verify_657,
verify_658,
verify_659,
verify_660,
verify_661,
verify_662,
verify_663,
verify_664,
verify_665,
verify_666,
verify_667,
verify_668,
verify_669,
verify_670,
verify_671,
verify_672,
verify_673,
verify_674,
verify_675,
verify_676,
verify_677,
verify_678,
verify_679,
verify_680,
verify_681,
verify_682,
verify_683,
verify_684,
verify_685,
verify_686,
verify_687,
verify_688,
verify_689,
verify_690,
verify_691,
verify_692,
verify_693,
verify_694,
verify_695,
verify_696,
verify_697,
verify_698,
verify_699,
verify_700,
verify_701,
verify_702,
verify_703,
verify_704,
verify_705,
verify_706,
verify_707,
verify_708,
verify_709,
verify_710,
verify_711,
verify_712,
verify_713,
verify_714,
verify_715,
verify_716,
verify_717,
verify_718,
verify_719,
verify_720,
verify_721,
verify_722,
verify_723,
verify_724,
verify_725,
verify_726,
verify_727,
verify_728,
verify_729,
verify_730,
verify_731,
verify_732,
verify_733,
verify_734,
verify_735,
verify_736,
verify_737,
verify_738,
verify_739,
verify_740,
verify_741,
verify_742,
verify_743,
verify_744,
verify_745,
verify_746,
verify_747,
verify_748,
verify_749,
verify_750,
verify_751,
verify_752,
verify_753,
verify_754,
verify_755,
verify_756,
verify_757,
verify_758,
verify_759,
verify_760,
verify_761,
verify_762,
verify_763,
verify_764,
verify_765,
verify_766,
verify_767,
verify_768,
verify_769,
verify_770,
verify_771,
verify_772,
verify_773,
verify_774,
verify_775,
verify_776,
verify_777,
verify_778,
verify_779,
verify_780,
verify_781,
verify_782,
verify_783,
verify_784,
verify_785,
verify_786,
verify_787,
verify_788,
verify_789,
verify_790,
verify_791,
verify_792,
verify_793,
verify_794,
verify_795,
verify_796,
verify_797,
verify_798,
verify_799,
verify_800,
verify_801,
verify_802,
verify_803,
verify_804,
verify_805,
verify_806,
verify_807,
verify_808,
verify_809,
verify_810,
verify_811,
verify_812,
verify_813,
verify_814,
verify_815,
verify_816,
verify_817,
verify_818,
verify_819,
verify_820,
verify_821,
verify_822,
verify_823,
verify_824,
verify_825,
verify_826,
verify_827,
verify_828,
verify_829,
verify_830,
verify_831,
verify_832,
verify_833,
verify_834,
verify_835,
verify_836,
verify_837,
verify_838,
verify_839,
verify_840,
verify_841,
verify_842,
verify_843,
verify_844,
verify_845,
verify_846,
verify_847,
verify_848,
verify_849,
verify_850,
verify_851,
verify_852,
verify_853,
verify_854,
verify_855,
verify_856,
verify_857,
verify_858,
verify_859,
verify_860,
verify_861,
verify_862,
verify_863,
verify_864,
verify_865,
verify_866,
verify_867,
verify_868,
verify_869,
verify_870,
verify_871,
verify_872,
verify_873,
verify_874,
verify_875,
verify_876,
verify_877,
verify_878,
verify_879,
verify_880,
verify_881,
verify_882,
verify_883,
verify_884,
verify_885,
verify_886,
verify_887,
verify_888,
verify_889,
verify_890,
verify_891,
verify_892,
verify_893,
verify_894,
verify_895,
verify_896,
verify_897,
verify_898,
verify_899,
verify_900,
verify_901,
verify_902,
verify_903,
verify_904,
verify_905,
verify_906,
verify_907,
verify_908,
verify_909,
verify_910,
verify_911,
verify_912,
verify_913,
verify_914,
verify_915,
verify_916,
verify_917,
verify_918,
verify_919,
verify_920,
verify_921,
verify_922,
verify_923,
verify_924,
verify_925,
verify_926,
verify_927,
verify_928,
verify_929,
verify_930,
verify_931,
verify_932,
verify_933,
verify_934,
verify_935,
verify_936,
verify_937,
verify_938,
verify_939,
verify_940,
verify_941,
verify_942,
verify_943,
verify_944,
verify_945,
verify_946,
verify_947,
verify_948,
verify_949,
verify_950,
verify_951,
verify_952,
verify_953,
verify_954,
verify_955,
verify_956,
verify_957,
verify_958,
verify_959,
verify_960,
verify_961,
verify_962,
verify_963,
verify_964,
verify_965,
verify_966,
verify_967,
verify_968,
verify_969,
verify_970,
verify_971,
verify_972,
verify_973,
verify_974,
verify_975,
verify_976,
verify_977,
verify_978,
verify_979,
verify_980,
verify_981,
verify_982,
verify_983,
verify_984,
verify_985,
verify_986,
verify_987,
verify_988,
verify_989,
verify_990,
verify_991,
verify_992,
verify_993,
verify_994,
verify_995,
verify_996,
verify_997,
verify_998,
verify_999,
verify_1000,
